INSERT INTO address (address_id, city, borough, town, complex_name, block, unit, road_name, main_building_number, sub_building_number, building_name) VALUES (1, '서울특별시', '강남구', '개포동', '1단지', '1동', '1호', '1로', 1, 1, '1건물');
INSERT INTO address (address_id, city, borough, town, complex_name, block, unit, road_name, main_building_number, sub_building_number, building_name) VALUES (2, '경기도', '고양시', '화정동', '2단지', '2동', '2호', '2로', 2, 2, '2건물');
INSERT INTO address (address_id, city, borough, town, complex_name, block, unit, road_name, main_building_number, sub_building_number, building_name) VALUES (3, '강원도', '고성군', '간성읍', '3단지', '3동', '3호', '3로', 3, 3, '3건물');
INSERT INTO address (address_id, city, borough, town, complex_name, block, unit, road_name, main_building_number, sub_building_number, building_name) VALUES (4, '부산광역시', '강서구', '강동동', '4단지', '4동', '4호', '4로', 4, 4, '4건물');
INSERT INTO address (address_id, city, borough, town, complex_name, block, unit, road_name, main_building_number, sub_building_number, building_name) VALUES (5, '인천광역시', '계양구', '갈현동', '5단지', '5동', '5호', '5로', 5, 5, '5건물');

INSERT INTO asset (id, assetName, productName, category, createdDate, modifiedDate) VALUES (1, '의자', '체어클럽', 'FURNITURE', 1, 'LG', '2022-06-12 22:44:10', '2022-06-12 23:44:54');
INSERT INTO asset (id, assetName, productName, category, createdDate, modifiedDate) VALUES (2, '식탁', '토미', 'FURNITURE', 2, 'LG', '2022-06-12 22:44:10', '2022-06-12 23:44:54');
INSERT INTO asset (id, assetName, productName, category, createdDate, modifiedDate) VALUES (3, '벽지', '코스모스', 'INTERIOR', 3, 'LG', '2022-06-12 22:44:10', '2022-06-12 23:44:54');
INSERT INTO asset (id, assetName, productName, category, createdDate, modifiedDate) VALUES (4, '변기', '대림바스', 'BATHROOM', 4, 'LG', '2022-06-12 22:44:10', '2022-06-12 23:44:54');
INSERT INTO asset (id, assetName, productName, category, createdDate, modifiedDate) VALUES (5, '침대', '에이', 'FURNITURE', 5, 'LG', '2022-06-12 22:44:10', '2022-06-12 23:44:54');

INSERT INTO broker (id, businessName, agentName, brokerageRegistrationNumber, businessRegistrationNumber, businessLicense, brokerageRegistrationLicense, user_id) VALUES (1, '1회사', '1에이전트', 1, 1, 'http://url', 'http://url', 1);
INSERT INTO broker (id, businessName, agentName, brokerageRegistrationNumber, businessRegistrationNumber, businessLicense, brokerageRegistrationLicense, user_id) VALUES (3, '3회사', '3에이전트', 3, 3, 'http://url', 'http://url', 3);
INSERT INTO broker (id, businessName, agentName, brokerageRegistrationNumber, businessRegistrationNumber, businessLicense, brokerageRegistrationLicense, user_id) VALUES (5, '5회사', '5에이전트', 5, 5, 'http://url', 'http://url', 5);

INSERT INTO checklist (id, flawPart, checkListContent, repairDate, repairType, brokerConfirmYN, tanentConfirmYN, ownerConfirmYN, asset_id, createdDate, modifiedDate) VALUES (1, '1하자부위', '1', '2022-06-12 23:44:54', 'REPAIR', false, false, false, 1, '2022-06-12 22:44:10' ,'2022-06-12 23:44:54');
INSERT INTO checklist (id, flawPart, checkListContent, repairDate, repairType, brokerConfirmYN, tanentConfirmYN, ownerConfirmYN, asset_id, createdDate, modifiedDate) VALUES (2, '2하자부위', '2', '2022-06-12 23:44:54', 'PURCHASE', false, true, false, 2, '2022-06-12 22:44:10' ,'2022-06-12 23:44:54');
INSERT INTO checklist (id, flawPart, checkListContent, repairDate, repairType, brokerConfirmYN, tanentConfirmYN, ownerConfirmYN, asset_id, createdDate, modifiedDate) VALUES (3, '3하자부위', '3', '2022-06-12 23:44:54', 'REPAIR', false, false, true, 3, '2022-06-12 22:44:10' ,'2022-06-12 23:44:54');
INSERT INTO checklist (id, flawPart, checkListContent, repairDate, repairType, brokerConfirmYN, tanentConfirmYN, ownerConfirmYN, asset_id, createdDate, modifiedDate) VALUES (4, '4하자부위', '4', '2022-06-12 23:44:54', 'PURCHASE', false, true, true, 4, '2022-06-12 22:44:10' ,'2022-06-12 23:44:54');
INSERT INTO checklist (id, flawPart, checkListContent, repairDate, repairType, brokerConfirmYN, tanentConfirmYN, ownerConfirmYN, asset_id, createdDate, modifiedDate) VALUES (5, '5하자부위', '5', '2022-06-12 23:44:54', 'REPAIR', true, true, true, 5, '2022-06-12 22:44:10' ,'2022-06-12 23:44:54');

INSERT INTO contractstate (id, state, estate_id, createdDate, modifiedDate) VALUES (1, 'BEFORE', 1, '2022-06-13 21:52:34', '2022-06-13 21:52:35');
INSERT INTO contractstate (id, state, estate_id, createdDate, modifiedDate) VALUES (2, 'AFTER', 2, '2022-06-13 21:52:34', '2022-06-13 21:52:35');
INSERT INTO contractstate (id, state, estate_id, createdDate, modifiedDate) VALUES (3, 'DOING', 3, '2022-06-13 21:52:34', '2022-06-13 21:52:35');
INSERT INTO contractstate (id, state, estate_id, createdDate, modifiedDate) VALUES (4, 'DONE', 4, '2022-06-13 21:52:34', '2022-06-13 21:52:35');
INSERT INTO contractstate (id, state, estate_id, createdDate, modifiedDate) VALUES (5, 'BEFORE', 5, '2022-06-13 21:52:34', '2022-06-13 21:52:35');

INSERT INTO estatehit (id, estate_id, totalHit, weeklyHit, createdDate, modifiedDate) VALUES (1, 1, 1, 2, '2022-06-13 21:52:35', '2022-06-13 21:52:35');
INSERT INTO estatehit (id, estate_id, totalHit, weeklyHit, createdDate, modifiedDate) VALUES (2, 2, 2, 3, '2022-06-13 21:52:35', '2022-06-13 21:52:35');
INSERT INTO estatehit (id, estate_id, totalHit, weeklyHit, createdDate, modifiedDate) VALUES (3, 3, 3, 4, '2022-06-13 21:52:35', '2022-06-13 21:52:35');
INSERT INTO estatehit (id, estate_id, totalHit, weeklyHit, createdDate, modifiedDate) VALUES (4, 4, 4, 5, '2022-06-13 21:52:35', '2022-06-13 21:52:35');
INSERT INTO estatehit (id, estate_id, totalHit, weeklyHit, createdDate, modifiedDate) VALUES (5, 5, 5, 6, '2022-06-13 21:52:35', '2022-06-13 21:52:35');

INSERT INTO house (id, deposit, sellingFee, currentFloors, totalFloors, shortTermRent, maintenanceFee, itemsIncludedMaintenanceFee, netRentableArea, rentableArea, parking, size, bathCount, estateType, household, household, moveInAvailableDate, heatType, usageAvailableDate, roomCount, createdDate, modifiedDate) VALUES (1, 1, 1, 1, 1, 1, true, 1, '1fee', 1, 1, false, 1, 1, 'APARTMENT', 1, 1, '2022-06-12 22:44:10', '1히트', '2022-06-12 22:44:10', '2022-06-12 22:44:10', '2022-06-12 22:44:10', '2022-06-12 22:44:10');
INSERT INTO house (id, deposit, sellingFee, currentFloors, totalFloors, shortTermRent, maintenanceFee, itemsIncludedMaintenanceFee, netRentableArea, rentableArea, parking, size, bathCount, estateType, household, household, moveInAvailableDate, heatType, usageAvailableDate, roomCount, createdDate, modifiedDate) VALUES (2, 2, 2, 2, 2, 2, true, 2, '1fee', 2, 2, false, 2, 2, 'APARTMENT', 2, 2, '2022-06-12 22:44:10', '2히트', '2022-06-12 22:44:10', '2022-06-12 22:44:10', '2022-06-12 22:44:10', '2022-06-12 22:44:10');
INSERT INTO house (id, deposit, sellingFee, currentFloors, totalFloors, shortTermRent, maintenanceFee, itemsIncludedMaintenanceFee, netRentableArea, rentableArea, parking, size, bathCount, estateType, household, household, moveInAvailableDate, heatType, usageAvailableDate, roomCount, createdDate, modifiedDate) VALUES (3, 3, 3, 3, 3, 3, true, 3, '1fee', 3, 3, false, 3, 3, 'APARTMENT', 3, 3, '2022-06-12 22:44:10', '3히트', '2022-06-12 22:44:10', '2022-06-12 22:44:10', '2022-06-12 22:44:10', '2022-06-12 22:44:10');
INSERT INTO house (id, deposit, sellingFee, currentFloors, totalFloors, shortTermRent, maintenanceFee, itemsIncludedMaintenanceFee, netRentableArea, rentableArea, parking, size, bathCount, estateType, household, household, moveInAvailableDate, heatType, usageAvailableDate, roomCount, createdDate, modifiedDate) VALUES (4, 4, 4, 4, 4, 4, true, 4, '1fee', 4, 4, false, 4, 4, 'APARTMENT', 4, 4, '2022-06-12 22:44:10', '4히트', '2022-06-12 22:44:10', '2022-06-12 22:44:10', '2022-06-12 22:44:10', '2022-06-12 22:44:10');
INSERT INTO house (id, deposit, sellingFee, currentFloors, totalFloors, shortTermRent, maintenanceFee, itemsIncludedMaintenanceFee, netRentableArea, rentableArea, parking, size, bathCount, estateType, household, household, moveInAvailableDate, heatType, usageAvailableDate, roomCount, createdDate, modifiedDate) VALUES (5, 5, 5, 5, 5, 5, true, 5, '1fee', 5, 5, false, 5, 5, 'APARTMENT', 5, 5, '2022-06-12 22:44:10', '5히트', '2022-06-12 22:44:10', '2022-06-12 22:44:10', '2022-06-12 22:44:10', '2022-06-12 22:44:10');

INSERT INTO media (id, origFileName, filePath, broker_id, checklist_id, estate_id, asset_id) VALUES (1, '원래1', 'src', 1, 1, 1, 1);
INSERT INTO media (id, origFileName, filePath, broker_id, checklist_id, estate_id, asset_id) VALUES (2, '원래2', 'src', 2, 2, 2, 2);
INSERT INTO media (id, origFileName, filePath, broker_id, checklist_id, estate_id, asset_id) VALUES (3, '원래3', 'src', 3, 3, 3, 3);
INSERT INTO media (id, origFileName, filePath, broker_id, checklist_id, estate_id, asset_id) VALUES (4, '원래4', 'src', 4, 4, 4, 4);
INSERT INTO media (id, origFileName, filePath, broker_id, checklist_id, estate_id, asset_id) VALUES (5, '원래5', 'src', 5, 5, 5, 5);

INSERT INTO user (id, birthday, phone, name, email, name, refreshToken, isBroker, authProvider, role, createdDate, modifiedDate) VALUES (1, '2022-06-12', 1, '조씨', 'ss@naver.com', '가나다', true, 'GOOGLE', 'USER' '2022-06-13 21:57:17', '2022-06-13 21:57:17');
INSERT INTO user (id, birthday, phone, name, email, name, refreshToken, isBroker, authProvider, estateType, transactionType, role, createdDate, modifiedDate) VALUES (2, '2022-06-12', 2, '이씨', 'ss@google.com', '가나다', false, 'KAKAO', 'APARTMENT', 'MONTHLYRENT', 'USER' '2022-06-13 21:57:17', '2022-06-13 21:57:17');
INSERT INTO user (id, birthday, phone, name, email, name, refreshToken, isBroker, authProvider, role, createdDate, modifiedDate) VALUES (3, '2022-06-12', 3, '강씨', 'ss@daum.net', '가나다', true, 'GOOGLE', 'USER' '2022-06-13 21:57:17', '2022-06-13 21:57:17');
INSERT INTO user (id, birthday, phone, name, email, name, refreshToken, isBroker, authProvider, estateType, transactionType, role, createdDate, modifiedDate) VALUES (4, '2022-06-12', 4, '정씨', 'ss@ewhain.net', '가나다', false, 'NAVER', 'OFFICETELS', 'LEASE', 'USER' '2022-06-13 21:57:17', '2022-06-13 21:57:17');
INSERT INTO user (id, birthday, phone, name, email, name, refreshToken, isBroker, authProvider, role, createdDate, modifiedDate) VALUES (5, '2022-06-12', 5, '전씨', 's23r23@nis.net', '가나다', true, 'GOOGLE', 'USER' '2022-06-13 21:57:17', '2022-06-13 21:57:17');

INSERT INTO estate (id, estateThumbNail, content, model, city, borough, town, thumbnail3D, isPosted, ownerConfirmYN, brokerConfirmYN, transactionType, state, house_id, broker_id, owner_id, tanent_id, createdDate, modifiedDate) VALUES (1, 'src', '1', 'src', '서울특별시', '강남구', '개포동', 'src', false, false, false, 'MONTHLYRENT', 'BEFORE', 1, 1, 2, 3, '2022-06-12 22:44:10','2022-06-12 22:44:10');
INSERT INTO estate (id, estateThumbNail, content, model, city, borough, town, thumbnail3D, isPosted, ownerConfirmYN, brokerConfirmYN, transactionType, state, grade, house_id, broker_id, owner_id, tanent_id, createdDate, modifiedDate) VALUES (1, 'src', '2', 'src', '서울특별시', '강남구', '개포동', 'src', true, true, true, 'LEASE', 'BEFORE', 'RANK_POPULAR', 2, 1, 2, 3, '2022-06-12 22:44:10','2022-06-12 22:44:10');
INSERT INTO estate (id, estateThumbNail, content, model, city, borough, town, thumbnail3D, isPosted, ownerConfirmYN, brokerConfirmYN, transactionType, state, house_id, broker_id, owner_id, tanent_id, createdDate, modifiedDate) VALUES (1, 'src', '3', 'src', '서울특별시', '강남구', '개포동', 'src', false, true, false, 'TRADING', 'BEFORE', 3, 1, 2, 3, '2022-06-12 22:44:10','2022-06-12 22:44:10');
INSERT INTO estate (id, estateThumbNail, content, model, city, borough, town, thumbnail3D, isPosted, ownerConfirmYN, brokerConfirmYN, transactionType, state, grade, house_id, broker_id, owner_id, tanent_id, createdDate, modifiedDate) VALUES (1, 'src', '4', 'src', '서울특별시', '강남구', '개포동', 'src', true, true, true, 'MONTHLYRENT', 'BEFORE', 'RANK_MANY', 4, 1, 2, 3, '2022-06-12 22:44:10','2022-06-12 22:44:10');
INSERT INTO estate (id, estateThumbNail, content, model, city, borough, town, thumbnail3D, isPosted, ownerConfirmYN, brokerConfirmYN, transactionType, state, house_id, broker_id, owner_id, tanent_id, createdDate, modifiedDate) VALUES (1, 'src', '5', 'src', '서울특별시', '강남구', '개포동', 'src', false, false, true, 'LEASE', 'BEFORE', 5, 1, 2, 3, '2022-06-12 22:44:10','2022-06-12 22:44:10');
